Nombre,UPC,Artista
Already rich,1000,Yeat
METAMORPHOSIS,1001,INTERWORLD
IDGAF,1002,Yeat
Out the way,1003,Yeat
Murder in my mind,1004,KORDHELL
Money so big,1005,Yeat
Faded,1006,Alan Walker
Alone,1007,Alan Walker
Flawless,1008,Yeat
Sing me to sleep,1009,Alan Walker
On my way,1010,Alan Walker
Talk,1011,Yeat
Zero,1012,Ren K
HELLTAKER,1013,PRXSXNT FXTURE
on the line,1014,Yeat
My wrist,1015,Yeat
snowfall,1016,Oneheart
this feeling,1017,Oneheart
Apathy,1018,Oneheart
The spectre,1019,Alan Walker
help urself,1020,HXI
Darkside,1021,Alan Walker
Not you,1022,Alan Walker
WHAT YOU WANT,1023,asteria
